Michael Jordan,1.0,1
LeBron James,1.0,1
Kareem Abdul-Jabbar,1.0,1
James Harden,0.9999999999832951,1
Shaquille O'Neal,0.9999999997043716,1
Kevin Durant,0.99999999969139,1
Moses Malone,0.9999999995860236,1
Tim Duncan,0.9999999990085229,1
Kobe Bryant,0.9999999986888426,1
Larry Bird,0.9999999986314947,1
Karl Malone,0.9999999905362884,1
Stephen Curry,0.9999999861423775,1
Julius Erving,0.9999999829486229,1
Magic Johnson,0.9999999821425619,1
Allen Iverson,0.9999998933065711,1
Dirk Nowitzki,0.9999998231152049,1
Kevin Garnett,0.9999996132945449,1
Russell Westbrook,0.9999954133295851,1
Nikola Jokic,0.9999948578941736,1
David Robinson,0.9999910097868786,1
George Gervin,0.9999898180233043,1
Hakeem Olajuwon,0.9999601564332682,1
Chris Paul,0.9999226466969052,1
Charles Barkley,0.9998868582247948,1
Steve Nash,0.9998662421672583,1
Bob McAdoo,0.9998552866347409,1
Giannis Antetokounmpo,0.9994886995244313,1
Dwyane Wade,0.9993206575073035,1
Dwight Howard,0.9988757387123376,1
Tracy McGrady,0.9988488512784801,1
John Stockton,0.99879533079225,1
Adrian Dantley,0.9986045102192462,1
Gary Payton,0.9962422972279632,1
Dominique Wilkins,0.9941162555948686,1
Dennis Rodman,0.9931164502285312,1
Carmelo Anthony,0.9906164749755723,1
Spencer Haywood,0.9885516595315164,1
Kawhi Leonard,0.9883437654236255,1
Tiny Archibald,0.9844831684436711,1
Isiah Thomas,0.9740786734812207,1
Pete Maravich,0.9532519679804758,1
Bernard King,0.9464399827901496,1
Jason Kidd,0.9332181922393475,1
Tony Parker,0.9207404309098839,1
Sidney Moncrief,0.9125594621395912,1
Damian Lillard,0.9078166060330127,1
Paul George,0.8976668953531172,1
Scottie Pippen,0.8893605700234162,1
Paul Pierce,0.8817991637534691,1
Alex English,0.8476085163554471,1
Joe Dumars,0.8428563742818579,1
Ben Wallace,0.839078232823741,1
Tim Hardaway,0.8301258433769474,1
Artis Gilmore,0.823675092089596,1
Dave Cowens,0.817025750807863,1
Mitch Richmond,0.8161890405205069,1
Chauncey Billups,0.8017116730349223,1
Clyde Drexler,0.7662532401482928,1
Kevin Johnson,0.7614612492223333,1
Blake Griffin,0.745075249216493,1
Grant Hill,0.7343031928943295,1
Jo Jo White,0.683782773308476,1
Mark Price,0.6835381733322695,1
George McGinnis,0.6824065947624406,1
Derrick Rose,0.624634229624397,1
Paul Westphal,0.6071421278416617,1
Jimmy Butler,0.5792312678957995,1
David Thompson,0.5327926831861483,1
Chris Mullin,0.49929459136311277,0
LaMarcus Aldridge,0.48528921039719075,0
Reggie Miller,0.47539114906362456,0
Kyrie Irving,0.46830261739485884,0
Chris Webber,0.46414975706598943,0
James Worthy,0.46383998377529917,0
DeMar DeRozan,0.4614601889574602,0
Ray Allen,0.45136741128188246,0
Dennis Johnson,0.43242220641228957,0
Bill Walton,0.41328239813836054,0
Gilbert Arenas,0.4049408568486566,0
Kevin Love,0.3987173707383525,0
Charlie Scott,0.3864809457793128,0
Amar'e Stoudemire,0.3820451112722429,0
Walter Davis,0.36151287836432333,0
Anfernee Hardaway,0.3407533734901702,0
Dikembe Mutombo,0.2740039190825439,0
Andre Drummond,0.2712152916634664,0
Rudy Gobert,0.2707609692515008,0
Stephon Marbury,0.25315277567074806,0
Deron Williams,0.2390793784676835,0
Dan Issel,0.23744205632054857,0
Marques Johnson,0.2361433102615156,0
Glen Rice,0.22838034640311683,0
Vince Carter,0.2282149250870634,0
Joe Johnson,0.20460826163421234,0
Manu Ginobili,0.19773482677461318,0
DeAndre Jordan,0.1880077224518191,0
Klay Thompson,0.18411647744193113,0
Gus Williams,0.1824122754772883,0
Yao Ming,0.18110454858420533,0
Rajon Rondo,0.1696384708037756,0
Alvin Robertson,0.16560963640002677,0
Kyle Lowry,0.15707195028505735,0
Tom Chambers,0.15555880020348262,0
Peja Stojakovic,0.1529720149888566,0
Randy Smith,0.15248090309983509,0
Otis Birdsong,0.14836102070321566,0
Norm Van Lier,0.1429330194743321,0
Isaiah Thomas,0.142468716454391,0
Jim Paxson,0.14005291762975636,0
Michael Redd,0.13030020839667242,0
Terry Cummings,0.13029025063534969,0
Pau Gasol,0.12888029388529687,0
Shawn Kemp,0.12273752048114922,0
Detlef Schrempf,0.12022587110743249,0
Dale Ellis,0.11942531875277085,0
Devin Booker,0.11813527841302733,0
Sam Cassell,0.11734678998004897,0
Draymond Green,0.11515102866999488,0
Truck Robinson,0.11391405160258938,0
Jamal Mashburn,0.11328373791484825,0
Goran Dragic,0.11328373791484825,0
Phil Smith,0.11167453862750493,0
Kemba Walker,0.11045772049104138,0
Swen Nater,0.10983346508463271,0
Andre Iguodala,0.10797465864092805,0
Zach Randolph,0.10778390154200124,0
Fat Lever,0.10588362207013816,0
World B Free,0.10001692502676715,0
Latrell Sprewell,0.09925177069581154,0
Juwan Howard,0.09823850347496971,0
Rod Strickland,0.0979028013890597,0
Cedric Maxwell,0.09493619825284819,0
Anthony Mason,0.0947660288424714,0
Bradley Beal,0.09371401159456273,0
Larry Johnson,0.09171953910498855,0
David Lee,0.08529552960688065,0
Carlos Boozer,0.08529552960688065,0
Julius Randle,0.08074816406934333,0
Baron Davis,0.08074816406934333,0
Bob Dandridge,0.07696046235610604,0
Victor Oladipo,0.07642297729192066,0
Richard Hamilton,0.07556373168572388,0
Norm Nixon,0.07392403484537312,0
Chris Bosh,0.07327247492147128,0
John Wall,0.0717411454577339,0
Jeff Malone,0.07124311264753361,0
Phil Chenier,0.07123729844821973,0
Vin Baker,0.07123148468701451,0
Rickey Green,0.0709923971836869,0
Dana Barros,0.0709923971836869,0
BJ Armstrong,0.0696901032760972,0
Scotty Hopson,0.06944444444444442,0
Khris Middleton,0.06889527272421732,0
Calvin Murphy,0.06840993965676362,0
Sedric Toney,0.06816846276351007,0
Jon Sundvold,0.06816846276351007,0
John Lucas III,0.06816846276351007,0
Steve Henson,0.06816846276351007,0
Maurice Lucas,0.06762310756452901,0
Terry Porter,0.06738972971351036,0
Jameer Nelson,0.06715159442564221,0
Jacque Vaughn,0.06691424026006071,0
Jeremy Pargo,0.06691424026006071,0
Tyronn Lue,0.06691424026006071,0
Rudy Tomjanovich,0.06685563943162172,0
Doug Collins,0.06661925664327731,0
Maurice Cheeks,0.06661925664327731,0
Brad Daugherty,0.06661379273468768,0
Eddie Johnson,0.06614881791444975,0
Mark Jackson,0.06591475771756371,0
Butch Beard,0.06591475771756371,0
Jerry Sichting,0.0656814674662098,0
Damon Jones,0.0656814674662098,0
Anthony Goldwire,0.0656814674662098,0
Bobby Brown,0.0656814674662098,0
JJ Barea,0.0656814674662098,0
DJ Augustin,0.0656814674662098,0
Rolando Blackman,0.06539153752699897,0
Eddie Jones,0.06492383043703126,0
Shawn Marion,0.0649184959106746,0
Nick Van Exel,0.06469912178469327,0
Michael Adams,0.06469912178469327,0
Shammond Williams,0.06446983704659986,0
Mike Wilks,0.06446983704659986,0
Kevin Stacom,0.06446983704659986,0
Sergio Rodriguez,0.06446983704659986,0
Larry Robinson,0.06446983704659986,0
Eldridge Recasner,0.06446983704659986,0
Brent Price,0.06446983704659986,0
Elliot Perry,0.06446983704659986,0
Doug Overton,0.06446983704659986,0
Kevin Ollie,0.06446983704659986,0
Jimmy Oliver,0.06446983704659986,0
Moochie Norris,0.06446983704659986,0
Darrick Martin,0.06446983704659986,0
Donny Marshall,0.06446983704659986,0
Craig Hodges,0.06446983704659986,0
Matthew Dellavedova,0.06446983704659986,0
John Crotty,0.06446983704659986,0
Scott Brooks,0.06446983704659986,0
Muggsy Bogues,0.06446983704659986,0
Allan Houston,0.0637304661073253,0
Elston Turner,0.06327904387545433,0
Scott Skiles,0.06327904387545433,0
Brian Oliver,0.06327904387545433,0
James Nunnally,0.06327904387545433,0
Jeff McInnis,0.06327904387545433,0
Shelvin Mack,0.06327904387545433,0
Jeff Lamp,0.06327904387545433,0
Steve Kerr,0.06327904387545433,0
Jason Kapono,0.06327904387545433,0
Jimmer Fredette,0.06327904387545433,0
Johnny Dawkins,0.06327904387545433,0
Charlie Criss,0.06327904387545433,0
Earl Boykins,0.06327904387545433,0
Henry Bibby,0.06327904387545433,0
Chucky Atkins,0.06327904387545433,0
Carlos Arroyo,0.06327904387545433,0
John Starks,0.06233023230291616,0
Jaren Jackson,0.06233023230291616,0
Austin Carr,0.06233023230291616,0
Danny Young,0.06210878510921941,0
Haywoode Workman,0.06210878510921941,0
Reggie Williams,0.06210878510921941,0
Freeman Williams,0.06210878510921941,0
Chris Whitney,0.06210878510921941,0
Sasha Vujacic,0.06210878510921941,0
John Paxson,0.06210878510921941,0
Jannero Pargo,0.06210878510921941,0
John Mengelt,0.06210878510921941,0
Frank Johnson,0.06210878510921941,0
Geoff Huston,0.06210878510921941,0
Troy Hudson,0.06210878510921941,0
Shane Heal,0.06210878510921941,0
Ron Grandison,0.06210878510921941,0
Chris Duhon,0.06210878510921941,0
Larry Drew,0.06210878510921941,0
Hubert Davis,0.06210878510921941,0
Mack Calvin,0.06210878510921941,0
Rick Brunson,0.06210878510921941,0
Allan Bristow,0.06210878510921941,0
Kelly Tripucka,0.06139471485512477,0
Kenny Anderson,0.06117637452412221,0
Danny Ainge,0.06117637452412221,0
Jim Thomas,0.060958760254913424,0
Nate Robinson,0.060958760254913424,0
Jodie Meeks,0.060958760254913424,0
Tyus Jones,0.060958760254913424,0
Mike Glenn,0.060958760254913424,0
Eddie Gill,0.060958760254913424,0
Andre Emmett,0.060958760254913424,0
Ledell Eackles,0.060958760254913424,0
Josh Davis,0.060958760254913424,0
Steve Blake,0.060958760254913424,0
John Battle,0.060958760254913424,0
Jason Williams,0.0598286712343043,0
Erick Strickland,0.0598286712343043,0
Ramon Sessions,0.0598286712343043,0
Robert Pack,0.0598286712343043,0
Steve Novak,0.0598286712343043,0
Raul Neto,0.0598286712343043,0
Billy McKinney,0.0598286712343043,0
Mark Macon,0.0598286712343043,0
John Lucas,0.0598286712343043,0
Henry James,0.0598286712343043,0
Royal Ivey,0.0598286712343043,0
Eddie House,0.0598286712343043,0
Derek Fisher,0.0598286712343043,0
Toney Douglas,0.0598286712343043,0
Vinny Del Negro,0.0598286712343043,0
Jordan Crawford,0.0598286712343043,0
Jose Calderon,0.0598286712343043,0
Will Bynum,0.0598286712343043,0
Bojan Bogdanovic,0.0598286712343043,0
Travis Best,0.0598286712343043,0
Charlie Bell,0.0598286712343043,0
Marco Belinelli,0.0598286712343043,0
John Bagley,0.0598286712343043,0
Mahmoud AbdulRauf,0.0598286712343043,0
Kevin Willis,0.05982372857236543,0
Mo Williams,0.05892834023575097,0
Ricky Pierce,0.05892834023575097,0
Mitchell Wiggins,0.058718222444033526,0
Darnell Valentine,0.058718222444033526,0
Beno Udrih,0.058718222444033526,0
Damon Stoudamire,0.058718222444033526,0
Alex Stivrins,0.058718222444033526,0
Robert Smith,0.058718222444033526,0
Kenny Smith,0.058718222444033526,0
JJ Redick,0.058718222444033526,0
Mike Newlin,0.058718222444033526,0
Ed Nealy,0.058718222444033526,0
Patty Mills,0.058718222444033526,0
Mike McGee,0.058718222444033526,0
Sarunas Marciulionis,0.058718222444033526,0
Ty Lawson,0.058718222444033526,0
Bobby Jackson,0.058718222444033526,0
Bob Hansen,0.058718222444033526,0
Tim Frazier,0.058718222444033526,0
Mike Evans,0.058718222444033526,0
Wayne Ellington,0.058718222444033526,0
Lester Conner,0.058718222444033526,0
Alan Anderson,0.058718222444033526,0
Andrew Toney,0.05804072144364249,0
Dave Twardzik,0.057627120811804045,0
Will Solomon,0.057627120811804045,0
Ronnie Price,0.057627120811804045,0
Doug McDermott,0.057627120811804045,0
Steve Kuberski,0.057627120811804045,0
Jason Hart,0.057627120811804045,0
Sherman Douglas,0.057627120811804045,0
Keyon Dooling,0.057627120811804045,0
Antonio Daniels,0.057627120811804045,0
Quintin Dailey,0.057627120811804045,0
Michael Curry,0.057627120811804045,0
Chris Childs,0.057627120811804045,0
Trey Burke,0.057627120811804045,0
Mike Bratz,0.057627120811804045,0
Keith Bogans,0.057627120811804045,0
Greg Anthony,0.057627120811804045,0
Marcus Smart,0.0571424090404334,0
Reggie Theus,0.056961447290931576,0
DeMarcus Cousins,0.056952007378002836,0
Billy Knight,0.05675791976635493,0
Chuck Williams,0.05655507584874975,0
Ennis Whatley,0.05655507584874975,0
CJ Watson,0.05655507584874975,0
Kevin Martin,0.05655507584874975,0
Negele Knight,0.05655507584874975,0
Jay Humphries,0.05655507584874975,0
Fred Hoiberg,0.05655507584874975,0
Lucious Harris,0.05655507584874975,0
Jordan Farmar,0.05655507584874975,0
Howard Eisley,0.05655507584874975,0
Quinn Buckner,0.05655507584874975,0
Tony Brown,0.05655507584874975,0
Don Buse,0.05570108890908007,0
Randy Wittman,0.05550179969810229,0
Trent Tucker,0.05550179969810229,0
Bob Thornton,0.05550179969810229,0
Rory Sparrow,0.05550179969810229,0
Eric Snow,0.05550179969810229,0
Kevin Porter,0.05550179969810229,0
Brevin Knight,0.05550179969810229,0
Anthony Johnson,0.05550179969810229,0
Reggie Jackson,0.05550179969810229,0
Jarrett Jack,0.05550179969810229,0
Tom Henderson,0.05550179969810229,0
Adrian Griffin,0.05550179969810229,0
Gary Grant,0.05550179969810229,0
Vern Fleming,0.05550179969810229,0
Speedy Claxton,0.05550179969810229,0
Devin Brown,0.05550179969810229,0
Jerryd Bayless,0.05550179969810229,0
Darrell Armstrong,0.05550179969810229,0
Cory Alexander,0.05550179969810229,0
Micheal Ray Richardson,0.05525414728275546,0
Caron Butler,0.05485924741981429,0
Foots Walker,0.05446700718027034,0
Marcus Thornton,0.05446700718027034,0
Sebastian Telfair,0.05446700718027034,0
Mike Scott,0.05446700718027034,0
Dennis Schroder,0.05446700718027034,0
Ricky Rubio,0.05446700718027034,0
Anthony Morrow,0.05446700718027034,0
Tim Legler,0.05446700718027034,0
Phil Hubbard,0.05446700718027034,0
Armond Hill,0.05446700718027034,0
TJ Ford,0.05446700718027034,0
Matt Carroll,0.05446700718027034,0
Steve Burtt,0.05446700718027034,0
Aaron Brooks,0.05446700718027034,0
Jamaal Wilkes,0.05402940117152231,0
Mark Aguirre,0.05402940117152231,0
John Drew,0.05383575199460166,0
Robert Parish,0.05377900056139832,0
Campy Russell,0.05364275752615436,0
Devin Harris,0.05364275752615436,0
Fred Brown,0.05364275752615436,0
Spud Webb,0.05345041583444502,0
Jeff Turner,0.05345041583444502,0
Sedale Threatt,0.05345041583444502,0
Lance Thomas,0.05345041583444502,0
Rodney Stuckey,0.05345041583444502,0
Lance Stephenson,0.05345041583444502,0
John Roche,0.05345041583444502,0
Quincy Pondexter,0.05345041583444502,0
Eric Murdock,0.05345041583444502,0
Anthony Miller,0.05345041583444502,0
Mark McNamara,0.05345041583444502,0
Roger Mason,0.05345041583444502,0
Sam Mack,0.05345041583444502,0
Tim Hardaway Jr,0.05345041583444502,0
Jack Haley,0.05345041583444502,0
Langston Galloway,0.05345041583444502,0
Reggie Evans,0.05345041583444502,0
Tony Delk,0.05345041583444502,0
Seth Curry,0.05345041583444502,0
Steve Colter,0.05345041583444502,0
Jon Barry,0.05345041583444502,0
Leandro Barbosa,0.05345041583444502,0
Ron Anderson,0.05345041583444502,0
Derek Anderson,0.05345041583444502,0
Jeff Hornacek,0.052640693786535936,0
Mike Conley,0.052640693786535936,0
Sonny Weems,0.05245174595684369,0
Ralph Simpson,0.05245174595684369,0
Eric Piatkowski,0.05245174595684369,0
Randy Livingston,0.05245174595684369,0
Larry Krystkowiak,0.05245174595684369,0
Avery Johnson,0.05245174595684369,0
Joe Ingles,0.05245174595684369,0
Sean Higgins,0.05245174595684369,0
Willie Green,0.05245174595684369,0
Jeff Grayer,0.05245174595684369,0
Ben Gordon,0.05245174595684369,0
Evan Fournier,0.05245174595684369,0
Brad Davis,0.05245174595684369,0
Darren Collison,0.05245174595684369,0
Jordan Clarkson,0.05245174595684369,0
Brian Cardinal,0.05245174595684369,0
Mitchell Butler,0.05245174595684369,0
Reggie Bullock,0.05245174595684369,0
Mike Bibby,0.05245174595684369,0
Luke Babbitt,0.05245174595684369,0
Sleepy Floyd,0.05165632715775986,0
David Wingate,0.05147072063570334,0
Eric Williams,0.05147072063570334,0
DeShawn Stevenson,0.05147072063570334,0
Austin Rivers,0.05147072063570334,0
Don MacLean,0.05147072063570334,0
Tim Kempton,0.05147072063570334,0
Ryan Gomes,0.05147072063570334,0
Winston Garland,0.05147072063570334,0
Maurice Evans,0.05147072063570334,0
Bimbo Coles,0.05147072063570334,0
Mario Chalmers,0.05147072063570334,0
Marcus Banks,0.05147072063570334,0
Rafer Alston,0.05147072063570334,0
Brian Winters,0.050872323096197956,0
Zach LaVine,0.050872323096197956,0
Michael Finley,0.050872323096197956,0
Lou Williams,0.050507065783132424,0
David Wesley,0.050507065783132424,0
Ime Udoka,0.050507065783132424,0
Tony Smith,0.050507065783132424,0
James Silas,0.050507065783132424,0
Pooh Richardson,0.050507065783132424,0
Anthony Peeler,0.050507065783132424,0
Sasha Pavlovic,0.050507065783132424,0
Anthony Parker,0.050507065783132424,0
Andre Miller,0.050507065783132424,0
Wes Matthews,0.050507065783132424,0
Corey Maggette,0.050507065783132424,0
Allen Leavell,0.050507065783132424,0
Brandon Knight,0.050507065783132424,0
Matt Harpring,0.050507065783132424,0
Kevin Grevey,0.050507065783132424,0
Herm Gilliam,0.050507065783132424,0
Carlos Delfino,0.050507065783132424,0
Thanasis Antetokounmpo,0.050507065783132424,0
Kiki Vandeweghe,0.049919282059948576,0
Steve Mix,0.04973958956675231,0
David Wood,0.049560510163929504,0
Luke Walton,0.049560510163929504,0
Terry Teagle,0.049560510163929504,0
Fatty Taylor,0.049560510163929504,0
Dickey Simpkins,0.049560510163929504,0
Bobby Simmons,0.049560510163929504,0
Rick Robey,0.049560510163929504,0
Clint Richardson,0.049560510163929504,0
TJ McConnell,0.049560510163929504,0
Vernon Maxwell,0.049560510163929504,0
Linas Kleiza,0.049560510163929504,0
Brandon Jennings,0.049560510163929504,0
Lindsey Hunter,0.049560510163929504,0
Rodney Hood,0.049560510163929504,0
Duane Ferrell,0.049560510163929504,0
Mario Elie,0.049560510163929504,0
Ronald Dupree,0.049560510163929504,0
Jared Dudley,0.049560510163929504,0
Charles Davis,0.049560510163929504,0
Jarron Collins,0.049560510163929504,0
Anthony Carter,0.049560510163929504,0
Raja Bell,0.049560510163929504,0
Marc Gasol,0.049309509809662484,0
Terrell Brandon,0.04898317384120144,0
Wally Szczerbiak,0.04880667791653784,0
Nick Young,0.048630785421474136,0
Eddie Lee Wilkins,0.048630785421474136,0
James Robinson,0.048630785421474136,0
Luke Ridnour,0.048630785421474136,0
Quentin Richardson,0.048630785421474136,0
Morris Peterson,0.048630785421474136,0
Scott Padgett,0.048630785421474136,0
Ben McLemore,0.048630785421474136,0
Randolph Keys,0.048630785421474136,0
Joe Harris,0.048630785421474136,0
Ernie Grunfeld,0.048630785421474136,0
Pat Garrity,0.048630785421474136,0
Marty Conlon,0.048630785421474136,0
Rex Chapman,0.048630785421474136,0
Terry Catledge,0.048630785421474136,0
Matt Bullard,0.048630785421474136,0
Greg Buckner,0.048630785421474136,0
Avery Bradley,0.048630785421474136,0
Harrison Barnes,0.048630785421474136,0
Arron Afflalo,0.048630785421474136,0
Dan Majerle,0.04823767738923763,0
Earl Watson,0.04771762610079475,0
Charlie Ward,0.04771762610079475,0
Wally Walker,0.04771762610079475,0
Jason Terry,0.04771762610079475,0
Larry Steele,0.04771762610079475,0
Ricky Sobers,0.04771762610079475,0
Donald Royal,0.04771762610079475,0
Kevin Restani,0.04771762610079475,0
Gary Plummer,0.04771762610079475,0
Pete Myers,0.04771762610079475,0
Ted McClain,0.04771762610079475,0
Wesley Matthews,0.04771762610079475,0
John Long,0.04771762610079475,0
Tom Hammonds,0.04771762610079475,0
Jamal Crawford,0.04771762610079475,0
Jud Buechler,0.04771762610079475,0
Steve Francis,0.047331532373288146,0
Scott Wedman,0.04716069251695,0
Larry Kenon,0.04716069251695,0
Derek Strong,0.04682076966891543,0
Darius Songaila,0.04682076966891543,0
JR Smith,0.04682076966891543,0
Purvis Short,0.04682076966891543,0
Kareem Rush,0.04682076966891543,0
Chuck Person,0.04682076966891543,0
Johnny Newman,0.04682076966891543,0
Ronald Murray,0.04682076966891543,0
Jim McMillian,0.04682076966891543,0
Aaron McKie,0.04682076966891543,0
Jim Jackson,0.04682076966891543,0
Gary Harris,0.04682076966891543,0
Danny Fortson,0.04682076966891543,0
Raymond Felton,0.04682076966891543,0
Adrian Caldwell,0.04682076966891543,0
Alec Burks,0.04682076966891543,0
MarShon Brooks,0.04682076966891543,0
Earl Barron,0.04682076966891543,0
Michael Cage,0.046048091978839724,0
Joe Wolf,0.04593995653258276,0
Jerome Williams,0.04593995653258276,0
Damien Wilkins,0.04593995653258276,0
Bob Sura,0.04593995653258276,0
Bryant Stith,0.04593995653258276,0
Reggie Slater,0.04593995653258276,0
Josh Powell,0.04593995653258276,0
Cameron Payne,0.04593995653258276,0
Mike O'Koren,0.04593995653258276,0
Johnny Moore,0.04593995653258276,0
E'Twaun Moore,0.04593995653258276,0
Mike Miller,0.04593995653258276,0
Cory Joseph,0.04593995653258276,0
Solomon Hill,0.04593995653258276,0
Dell Curry,0.04593995653258276,0
Jim Cleamons,0.04593995653258276,0
Fred Carter,0.04593995653258276,0
Shannon Brown,0.04593995653258276,0
Rafael Addison,0.04593995653258276,0
Steve Smith,0.0452385729505352,0
Lionel Hollins,0.0452385729505352,0
Micheal Williams,0.04507493005347077,0
Gerald Wilkins,0.04507493005347077,0
Nik Stauskas,0.04507493005347077,0
Tony Snell,0.04507493005347077,0
Brian Scalabrine,0.04507493005347077,0
Mark Madsen,0.04507493005347077,0
Voshon Lenard,0.04507493005347077,0
Dahntay Jones,0.04507493005347077,0
Eric Fernsten,0.04507493005347077,0
Omri Casspi,0.04507493005347077,0
Tony Campbell,0.04507493005347077,0
Anthony Bowie,0.04507493005347077,0
Vincent Askew,0.04507493005347077,0
Richard Anderson,0.04507493005347077,0
Bill Laimbeer,0.04497733186169653,0
D'Angelo Russell,0.0443861387535772,0
Charles Oakley,0.0443861387535772,0
Cedric Ceballos,0.0443861387535772,0
Alvin Williams,0.04422543656096104,0
John Thomas,0.04422543656096104,0
Bryon Russell,0.04422543656096104,0
Terry Rozier,0.04422543656096104,0
Isaiah Rider,0.04422543656096104,0
Tracy Murray,0.04422543656096104,0
Darius Miller,0.04422543656096104,0
Stanley Johnson,0.04422543656096104,0
Jonas Jerebko,0.04422543656096104,0
Alonzo Gee,0.04422543656096104,0
Calbert Cheaney,0.04422543656096104,0
Jason Caffey,0.04422543656096104,0
Mark Bryant,0.04422543656096104,0
Randy Brown,0.04422543656096104,0
Ronnie Brewer,0.04422543656096104,0
John Johnson,0.043707391138747484,0
Hersey Hawkins,0.04354903439526911,0
Ish Smith,0.043391225362592246,0
George McCloud,0.043391225362592246,0
Al Harrington,0.043391225362592246,0
Derek Harper,0.043391225362592246,0
TR Dunn,0.043391225362592246,0
Ricky Davis,0.043391225362592246,0
Marquis Daniels,0.043391225362592246,0
Pat Cummings,0.043391225362592246,0
Tyrone Corbin,0.043391225362592246,0
Kentavious CaldwellPope,0.043391225362592246,0
Shandon Anderson,0.043391225362592246,0
Sean Elliott,0.04288251325023199,0
Calvin Natt,0.04272701159987233,0
Evan Turner,0.04257204875227229,0
Iman Shumpert,0.04257204875227229,0
Byron Scott,0.04257204875227229,0
Shavlik Randolph,0.04257204875227229,0
Ron Mercer,0.04257204875227229,0
Tom McMillen,0.04257204875227229,0
OJ Mayo,0.04257204875227229,0
Courtney Lee,0.04257204875227229,0
Vinnie Johnson,0.04257204875227229,0
George Hill,0.04257204875227229,0
Scott Hastings,0.04257204875227229,0
DeMarre Carroll,0.04257204875227229,0
Junior Bridgeman,0.04257204875227229,0
Jermaine O'Neal,0.042215082565623736,0
Antawn Jamison,0.04207251815335647,0
Buck Williams,0.0420689767531477,0
Kyle Korver,0.041919825083087864,0
John Williamson,0.04176766201634307,0
Dion Waiters,0.04176766201634307,0
Brian Shaw,0.04176766201634307,0
John Salmons,0.04176766201634307,0
Norman Powell,0.04176766201634307,0
Jon Leuer,0.04176766201634307,0
Bill Hanzlik,0.04176766201634307,0
Kevin Gamble,0.04176766201634307,0
Chris Ford,0.04176766201634307,0
Craig Ehlo,0.04176766201634307,0
Pat Connaughton,0.04176766201634307,0
Mike Brown,0.04176766201634307,0
Corey Brewer,0.04176766201634307,0
Ryan Bowen,0.04176766201634307,0
Matt Bonner,0.04176766201634307,0
Anthony Davis,0.041564589562613136,0
Jeff Teague,0.04112723255644826,0
Mookie Blaylock,0.04112723255644826,0
Nate Williams,0.040977823437586436,0
Doug West,0.040977823437586436,0
Martell Webster,0.040977823437586436,0
Jamaal Tinsley,0.040977823437586436,0
Brian Taylor,0.040977823437586436,0
Ira Newble,0.040977823437586436,0
Meyers Leonard,0.040977823437586436,0
Adam Keefe,0.040977823437586436,0
Rich Jones,0.040977823437586436,0
Kirk Hinrich,0.040977823437586436,0
Spencer Dinwiddie,0.040977823437586436,0
Brent Barry,0.040977823437586436,0
Jerome Whitehead,0.04020229429725844,0
Hakim Warrick,0.04020229429725844,0
Anthony Tolliver,0.04020229429725844,0
Mark Pope,0.04020229429725844,0
Louis Orr,0.04020229429725844,0
Mark Olberding,0.04020229429725844,0
Marcus Morris,0.04020229429725844,0
Walter McCarty,0.04020229429725844,0
Richard Jefferson,0.04020229429725844,0
Udonis Haslem,0.04020229429725844,0
Randy Foye,0.04020229429725844,0
James Ennis III,0.04020229429725844,0
Greg Dreiling,0.04020229429725844,0
Corky Calhoun,0.04020229429725844,0
Monty Williams,0.039440838875235085,0
Jay Vincent,0.039440838875235085,0
Hedo Turkoglu,0.039440838875235085,0
PJ Tucker,0.039440838875235085,0
Bingo Smith,0.039440838875235085,0
Luis Scola,0.039440838875235085,0
Bobby Phills,0.039440838875235085,0
Elfrid Payton,0.039440838875235085,0
Sam Mitchell,0.039440838875235085,0
CJ Miles,0.039440838875235085,0
Boban Marjanovic,0.039440838875235085,0
Joe Kleine,0.039440838875235085,0
Popeye Jones,0.039440838875235085,0
Gerald Green,0.039440838875235085,0
Greg Foster,0.039440838875235085,0
Dudley Bradley,0.039440838875235085,0
Tom Boswell,0.039440838875235085,0
Darrell Walker,0.03869322444835294,0
Dennis Scott,0.03869322444835294,0
Fred Roberts,0.03869322444835294,0
Wesley Person,0.03869322444835294,0
Eric Leckner,0.03869322444835294,0
Jumaine Jones,0.03869322444835294,0
James Jones,0.03869322444835294,0
Lawrence Funderburke,0.03869322444835294,0
Terry Davis,0.03869322444835294,0
Chucky Brown,0.03869322444835294,0
Lucius Allen,0.03869322444835294,0
Corliss Williamson,0.03795922128702395,0
Ray Williams,0.03795922128702395,0
Bonzi Wells,0.03795922128702395,0
Malik Sealy,0.03795922128702395,0
Mike Sanders,0.03795922128702395,0
Terrence Ross,0.03795922128702395,0
Amal McCaskill,0.03795922128702395,0
Darrell Griffith,0.03795922128702395,0
Danny Ferry,0.03795922128702395,0
Brian Cook,0.03795922128702395,0
Greg Ballard,0.03795922128702395,0
Stacey Augmon,0.03795922128702395,0
Trevor Ariza,0.03795922128702395,0
John Amaechi,0.03795922128702395,0
Jerry Stackhouse,0.03751169590922236,0
Gordon Hayward,0.037374909533096544,0
Loy Vaught,0.03723860265020293,0
Garrett Temple,0.03723860265020293,0
George Lynch,0.03723860265020293,0
Sidney Green,0.03723860265020293,0
Kevin Edwards,0.03723860265020293,0
Mike Dunleavy,0.03723860265020293,0
Austin Croshere,0.03723860265020293,0
Darwin Cook,0.03723860265020293,0
Joe Bryant,0.03723860265020293,0
Ryan Anderson,0.03723860265020293,0
Michael Cooper,0.0369186638691688,0
Kevin Duckworth,0.036799248127339576,0
Otis Thorpe,0.036664960725857385,0
Bill Wennington,0.036531144778783824,0
Gary Trent,0.036531144778783824,0
Jalen Rose,0.036531144778783824,0
Vitaly Potapenko,0.036531144778783824,0
James Posey,0.036531144778783824,0
Zaza Pachulia,0.036531144778783824,0
Lewis Lloyd,0.036531144778783824,0
Toni Kukoc,0.036531144778783824,0
Gerald Henderson,0.036531144778783824,0
Monta Ellis,0.036531144778783824,0
Glen Davis,0.036531144778783824,0
Antoine Walker,0.036232119533081884,0
Doc Rivers,0.035967993744997775,0
Mike Woodson,0.03583662688749807,0
Willie Wise,0.03583662688749807,0
Chandler Parsons,0.03583662688749807,0
Mitch Kupchak,0.03583662688749807,0
Frank Kaminsky,0.03583662688749807,0
Larry Hughes,0.03583662688749807,0
Eric Gordon,0.03583662688749807,0
Jae Crowder,0.03583662688749807,0
Dennis Awtrey,0.03583662688749807,0
Keith Askins,0.03583662688749807,0
Delon Wright,0.03515483115538782,0
Tim Thomas,0.03515483115538782,0
Malik Rose,0.03515483115538782,0
Vladimir Radmanovic,0.03515483115538782,0
Bobby Portis,0.03515483115538782,0
Desmond Mason,0.03515483115538782,0
Trey Lyles,0.03515483115538782,0
Grant Long,0.03515483115538782,0
Jeremy Lin,0.03515483115538782,0
Ersan Ilyasova,0.03515483115538782,0
Danilo Gallinari,0.03515483115538782,0
Michael Doleac,0.03515483115538782,0
Pete Chilcutt,0.03515483115538782,0
Luol Deng,0.034739174623281764,0
AC Green,0.034612134677742,0
Jake Voskuhl,0.03448554271492291,0
Eduardo Najera,0.03448554271492291,0
Shaun Livingston,0.03448554271492291,0
Albert King,0.03448554271492291,0
Ollie Johnson,0.03448554271492291,0
Stephen Jackson,0.03448554271492291,0
Chuck Hayes,0.03448554271492291,0
Darvin Ham,0.03448554271492291,0
Devean George,0.03448554271492291,0
Tyreke Evans,0.03448554271492291,0
Ruben Patterson,0.03382854963983004,0
Jabari Parker,0.03382854963983004,0
Luc Mbah a Moute,0.03382854963983004,0
Sean Marks,0.03382854963983004,0
Jeremy Lamb,0.03382854963983004,0
Marcus Haislip,0.03382854963983004,0
Rick Fox,0.03382854963983004,0
Willie Burton,0.03382854963983004,0
Bruce Bowen,0.03382854963983004,0
Jrue Holiday,0.03342803122649291,0
Curtis Rowe,0.03330562064519187,0
KarlAnthony Towns,0.0332999626516872,0
Chris Wilcox,0.03318364293169993,0
Ray Tolbert,0.03318364293169993,0
Mark Strickland,0.03318364293169993,0
JR Reid,0.03318364293169993,0
Tim McCormick,0.03318364293169993,0
CJ McCollum,0.03318364293169993,0
Michael Brooks,0.03318364293169993,0
Frank Brickowski,0.03318364293169993,0
Primoz Brezec,0.03318364293169993,0
Rashard Lewis,0.032790500855115964,0
Thaddeus Young,0.03255061650543569,0
Justise Winslow,0.03255061650543569,0
Noah Vonleh,0.03255061650543569,0
Troy Murphy,0.03255061650543569,0
Carl Landry,0.03255061650543569,0
Tyler Johnson,0.03255061650543569,0
Othella Harrington,0.03255061650543569,0
Jeff Foster,0.03255061650543569,0
ML Carr,0.03255061650543569,0
Will Barton,0.03255061650543569,0
Tyrone Hill,0.03204678683996454,0
Delonte West,0.031929267173605,0
Mickael Pietrus,0.031929267173605,0
Patrick Patterson,0.031929267173605,0
Corie Blount,0.031929267173605,0
Tony Allen,0.031929267173605,0
Xavier McDaniel,0.0314347424730954,0
John Williams,0.031319394629755665,0
Thabo Sefolosha,0.031319394629755665,0
Otto Porter Jr,0.031319394629755665,0
Cuttino Mobley,0.031319394629755665,0
Tom LaGarde,0.031319394629755665,0
Trenton Hassell,0.031319394629755665,0
JaMychal Green,0.031319394629755665,0
Blue Edwards,0.031319394629755665,0
Jeff Cook,0.031319394629755665,0
Neal Walk,0.030720801430752648,0
Derek Smith,0.030720801430752648,0
Jason Richardson,0.030720801430752648,0
Lamond Murray,0.030720801430752648,0
Chris Mills,0.030720801430752648,0
DerMarr Johnson,0.030720801430752648,0
Tyson Chandler,0.03045249491947646,0
Kenny Thomas,0.030133292978192696,0
Robert Reid,0.030133292978192696,0
Andres Nocioni,0.030133292978192696,0
Paul Mokeski,0.030133292978192696,0
Terry Mills,0.030133292978192696,0
Bob McCann,0.030133292978192696,0
Kerry Kittles,0.030133292978192696,0
Justin Holiday,0.030133292978192696,0
Carl Herrera,0.030133292978192696,0
Ben Coleman,0.030133292978192696,0
Kenny Carr,0.030133292978192696,0
Glenn Robinson,0.029775176843314925,0
Josh McRoberts,0.02955667749895111,0
Nate McMillan,0.02955667749895111,0
Kendall Gill,0.02955667749895111,0
Dwight Powell,0.028990766024912944,0
Rod Higgins,0.028990766024912944,0
Alan Henderson,0.028990766024912944,0
Steve Hawes,0.028990766024912944,0
Eric Bledsoe,0.028990766024912944,0
Nick Anderson,0.028990766024912944,0
Malik Allen,0.028990766024912944,0
Mike Mitchell,0.028540411447805954,0
Michael Ruffin,0.028435372371939476,0
Kelly Oubre Jr,0.028435372371939476,0
Tony Massenburg,0.028435372371939476,0
Dante Cunningham,0.028435372371939476,0
Doug Christie,0.028435372371939476,0
Josh Childress,0.028435372371939476,0
Scott Burrell,0.028435372371939476,0
Kent Bazemore,0.028435372371939476,0
Sidney Wicks,0.028304872690082066,0
Al Horford,0.028302455924237323,0
Josh Howard,0.027993396780140675,0
Chris Gatling,0.027993396780140675,0
TJ Warren,0.02789031311811908,0
Dave Robisch,0.02789031311811908,0
Kelly Olynyk,0.02789031311811908,0
Mike Muscala,0.02789031311811908,0
Stacey King,0.02789031311811908,0
Mike Gale,0.02789031311811908,0
Jeremy Evans,0.02789031311811908,0
Boris Diaw,0.02789031311811908,0
Matt Barnes,0.02789031311811908,0
Dorell Wright,0.027355407581349498,0
Maurice Taylor,0.027355407581349498,0
Charles Smith,0.027355407581349498,0
Charles Shackleford,0.027355407581349498,0
Tayshaun Prince,0.027355407581349498,0
Johan Petro,0.027355407581349498,0
Jason Collins,0.027355407581349498,0
Aron Baynes,0.027355407581349498,0
Hilton Armstrong,0.027355407581349498,0
Jim Ard,0.027355407581349498,0
Shawne Williams,0.02683047779629768,0
Marreese Speights,0.02683047779629768,0
Markieff Morris,0.02683047779629768,0
Jeff Green,0.02683047779629768,0
Rasual Butler,0.02683047779629768,0
Ron Brewer,0.02683047779629768,0
David Benoit,0.02683047779629768,0
Keith Van Horn,0.02631534849078042,0
Jared Jeffries,0.02631534849078042,0
Andrew DeClercq,0.02631534849078042,0
Derrick Coleman,0.026213790806984695,0
Jack Sikma,0.025977621391802243,0
Larry Smith,0.025809847061608923,0
Rodney Rogers,0.025809847061608923,0
Kurt Rambis,0.025809847061608923,0
Larry Nance Jr,0.025809847061608923,0
Dwight Jones,0.025809847061608923,0
Ryan Hollins,0.025809847061608923,0
Nick Collison,0.025809847061608923,0
Trevor Booker,0.025809847061608923,0
Patrick Beverley,0.025809847061608923,0
Michael Beasley,0.025809847061608923,0
Isaac Austin,0.025809847061608923,0
Joakim Noah,0.025678081409829762,0
Charlie Villanueva,0.025313803549937754,0
Tobias Harris,0.025313803549937754,0
Marvin Williams,0.024827050616157365,0
Dwayne Schintzius,0.024827050616157365,0
Brandon Rush,0.024827050616157365,0
Billy Owens,0.024827050616157365,0
Mikki Moore,0.024827050616157365,0
Francisco Elson,0.024827050616157365,0
Earl Cureton,0.024827050616157365,0
Ed Pinckney,0.024349423514368314,0
Solomon Jones,0.024349423514368314,0
Harvey Grant,0.024349423514368314,0
Michael CarterWilliams,0.024349423514368314,0
Brad Miller,0.024058340104923432,0
Scott Williams,0.023880760066473387,0
Jerry Reynolds,0.023880760066473387,0
Melvin Ely,0.023880760066473387,0
AlFarouq Aminu,0.023880760066473387,0
Jayson Williams,0.02350786464936274,0
Walt Williams,0.02342090063592231,0
John Wallace,0.02342090063592231,0
Josh Richardson,0.02342090063592231,0
Kevon Looney,0.02342090063592231,0
Kris Humphries,0.02342090063592231,0
Tom Gugliotta,0.023055016272487218,0
Tyler Zeller,0.022969688101142992,0
Tom Owens,0.022969688101142992,0
Greg Monroe,0.022969688101142992,0
JJ Hickson,0.022969688101142992,0
Alvin Scott,0.022526967828691225,0
Paul Pressey,0.022526967828691225,0
Eric Montross,0.022526967828691225,0
Bill Willoughby,0.02209258764614977,0
Wayman Tisdale,0.02209258764614977,0
Drew Gooden,0.02209258764614977,0
Todd Day,0.02209258764614977,0
Anthony Avent,0.02209258764614977,0
Andrew Wiggins,0.021746992265172196,0
Travis Outlaw,0.02166639781480646,0
Greg Kite,0.02166639781480646,0
George Johnson,0.02166639781480646,0
Channing Frye,0.02166639781480646,0
Wilson Chandler,0.02166639781480646,0
Darrell Arthur,0.02166639781480646,0
Olden Polynice,0.02124825100213958,0
Kwame Brown,0.02124825100213958,0
Willie Anderson,0.02124825100213958,0
Kyle Anderson,0.02124825100213958,0
Victor Alexander,0.02124825100213958,0
Alexis Ajinca,0.02124825100213958,0
Bill Cartwright,0.0209155811247741,0
Matt Geiger,0.020838002254137743,0
Nicolas Batum,0.020838002254137743,0
Brandon Bass,0.020838002254137743,0
Cody Zeller,0.020435508967480434,0
Anderson Varejao,0.020435508967480434,0
Nazr Mohammed,0.020435508967480434,0
Rodney McCray,0.020435508967480434,0
Maurice Harkless,0.020435508967480434,0
Petur Gudmundsson,0.020435508967480434,0
Aaron Gordon,0.020435508967480434,0
Antonio McDyess,0.02043374998491072,0
Mehmet Okur,0.02011530214183993,0
Andre Roberson,0.020040630861603452,0
Cherokee Parks,0.020040630861603452,0
Derrick McKey,0.020040630861603452,0
Armen Gilliam,0.020040630861603452,0
Coby Dietrick,0.020040630861603452,0
Jonathan Bender,0.020040630861603452,0
Jason Smith,0.019653229950673774,0
Wesley Johnson,0.019653229950673774,0
Kenny Gattison,0.019653229950673774,0
Orlando Woolridge,0.019273170515495847,0
Kenny Walker,0.019273170515495847,0
Sean Rooks,0.019273170515495847,0
Will Perdue,0.019273170515495847,0
Ken Norman,0.019273170515495847,0
Jordan Hill,0.019273170515495847,0
Jeff Ruland,0.019041586450551727,0
Michael KiddGilchrist,0.018900319075371288,0
Mike Bantom,0.018900319075371288,0
Tristan Thompson,0.018534544359932407,0
Jerome Kersey,0.018534544359932407,0
Cole Aldrich,0.018534544359932407,0
David West,0.01831166982239935,0
Jason Thompson,0.01817571728096947,0
Cliff Robinson,0.01817571728096947,0
Don Reid,0.01817571728096947,0
Scot Pollard,0.01817571728096947,0
Mickey Johnson,0.01817571728096947,0
Antonio Harvey,0.01817571728096947,0
Bob Gross,0.01817571728096947,0
Shareef AbdurRahim,0.017890272752873904,0
Samaki Walker,0.01782371090426992,0
Cliff Levingston,0.01782371090426992,0
Rudy Gay,0.01782371090426992,0
Francisco Garcia,0.01782371090426992,0
Lou Amundson,0.01782371090426992,0
Paul Millsap,0.017741022493640596,0
Christian Laettner,0.017543695757550472,0
Chuck Nevitt,0.017478400421487787,0
Chris Morris,0.017478400421487787,0
Ian Mahinmi,0.017478400421487787,0
Ron Harper,0.017478400421487787,0
Omer Asik,0.017478400421487787,0
Danny Manning,0.017268002379426516,0
Sam Perkins,0.017139663122060108,0
Eddy Curry,0.017139663122060108,0
Jim Brewer,0.017139663122060108,0
Lorenzen Wright,0.016807378365185973,0
Danny Schayes,0.016807378365185973,0
Jim Petersen,0.016807378365185973,0
Jelani McCoy,0.016807378365185973,0
Kosta Koufos,0.016807378365185973,0
Brian Grant,0.016807378365185973,0
James Edwards,0.016807378365185973,0
Roger Brown,0.016807378365185973,0
Aaron Williams,0.016481427551884108,0
Nene,0.016481427551884108,0
Gerald Wallace,0.01622215173220075,0
Danny Granger,0.01622215173220075,0
Alvan Adams,0.01622215173220075,0
Kurt Thomas,0.016161694097142833,0
Danny Green,0.016161694097142833,0
LaPhonso Ellis,0.016161694097142833,0
Lonnie Shelton,0.01590736677768312,0
Brad Lohaus,0.015848063402176246,0
Nikola Vucevic,0.015656977969745935,0
Jan van Breda Kolff,0.015540422826799658,0
Ed Davis,0.015540422826799658,0
Steve Johnson,0.015295720100831724,0
Carlos Rogers,0.015238661661936343,0
Jason Maxiell,0.015238661661936343,0
Montrezl Harrell,0.015238661661936343,0
Dewayne Dedmon,0.015238661661936343,0
Al Jefferson,0.014885621104728066,0
Wil Jones,0.01465234421903294,0
Andray Blatche,0.01465234421903294,0
Kenneth Faried,0.014367575933003444,0
Jamaal Magloire,0.014141075819472524,0
Felton Spencer,0.014088262987615814,0
Joe Smith,0.01381430392229866,0
Timofey Mozgov,0.01381430392229866,0
Mark Blount,0.01381430392229866,0
Dan Gadzuric,0.013545599045985448,0
Tony Battie,0.013545599045985448,0
Andrea Bargnani,0.013545599045985448,0
Dan Roundfield,0.013380737578064014,0
Tim Perry,0.013282050410826935,0
James Johnson,0.013282050410826935,0
Bison Dele,0.013282050410826935,0
Kent Benson,0.013282050410826935,0
Clarence Weatherspoon,0.013023561786109675,0
Mason Plumlee,0.013023561786109675,0
Greg Anderson,0.013023561786109675,0
Brian Skinner,0.012770038632387161,0
Gorgui Dieng,0.012770038632387161,0
James Bailey,0.012770038632387161,0
Donyell Marshall,0.012521388075830248,0
Dave Greenwood,0.012521388075830248,0
Christian Wood,0.012277518882802707,0
Rick Mahorn,0.012277518882802707,0
Blair Rasmussen,0.012038341434666948,0
Curtis Perry,0.012038341434666948,0
Horace Grant,0.011848119537379952,0
Antonio Davis,0.011848119537379952,0
Kevin McHale,0.01183610382522944,0
Rich Kelley,0.011803767702825464,0
Lamar Odom,0.01157371122400212,0
Robert Horry,0.01157371122400212,0
Shane Battier,0.01157371122400212,0
Alex Len,0.011348087075767616,0
Clemon Johnson,0.011348087075767616,0
Antoine Carr,0.011348087075767616,0
Clifford Robinson,0.011168648820507264,0
Spencer Hawes,0.011126811852313036,0
Dave Corzine,0.011126811852313036,0
Kyle O'Quinn,0.010909803640474771,0
Amir Johnson,0.010909803640474771,0
Steven Adams,0.010909803640474771,0
Jonas Valanciunas,0.010696981996013807,0
Michael Stewart,0.010696981996013807,0
Luc Longley,0.010696981996013807,0
John Gianelli,0.010696981996013807,0
Robert Covington,0.010696981996013807,0
Calvin Booth,0.010488267920152566,0
Brandan Wright,0.010283583836371206,0
LaSalle Thompson,0.010283583836371206,0
Richaun Holmes,0.010283583836371206,0
Taj Gibson,0.010082853567465817,0
Clifford Ray,0.009886002312870455,0
Jon Koncak,0.009886002312870455,0
Ralph Sampson,0.009802008517796602,0
Kermit Washington,0.009729455323517915,0
Chris Mihm,0.009692956626244269,0
Len Elmore,0.009692956626244269,0
PJ Brown,0.009692956626244269,0
Etan Thomas,0.009317994810051725,0
Bob Lanier,0.009230994945908602,0
Stojko Vrankovic,0.009135938360952212,0
Arvydas Sabonis,0.009135938360952212,0
Steven Hunter,0.009135938360952212,0
Mike Gminski,0.009135938360952212,0
DeSagana Diop,0.009135938360952212,0
Clint Capela,0.008979310424809372,0
Alonzo Mourning,0.008789985441106938,0
Robin Lopez,0.008782333118563159,0
Jerome James,0.008782333118563159,0
Rasheed Wallace,0.008741216493199491,0
Kenyon Martin,0.008643110407617036,0
Jerami Grant,0.008610651546559508,0
Joel Anthony,0.008610651546559508,0
Dale Davis,0.008308420060631599,0
Marcin Gortat,0.008277207621540139,0
Jim Chones,0.008277207621540139,0
Randy Breuer,0.008277207621540139,0
Ben Poquette,0.008115319658618687,0
Darius Miles,0.008115319658618687,0
Kevin Kunnert,0.008115319658618687,0
Ekpe Udoh,0.00795657254340372,0
Andris Biedrins,0.00795657254340372,0
Andrew Bynum,0.007955878959064855,0
Mychal Thompson,0.007498582272174236,0
Kendrick Perkins,0.007498582272174236,0
Jusuf Nurkic,0.007498582272174236,0
Rasho Nesterovic,0.007498582272174236,0
Chris Dudley,0.007351809991588593,0
Andrew Bogut,0.0073235258672337215,0
Thurl Bailey,0.007207889670926875,0
Roy Tarpley,0.007066766702248258,0
Derrick Favors,0.006928387491835469,0
Chris Kaman,0.006684804862604732,0
Joe Meriweather,0.006659650936627955,0
Rik Smits,0.006553855741050439,0
Elton Brand,0.006553283625542474,0
Kurt Nimphius,0.006401270877119854,0
Ronny Turiaf,0.006152853312016822,0
Stromile Swift,0.006152853312016822,0
James Donaldson,0.006055060026012299,0
Kelvin Cato,0.005914018839841341,0
Stanley Roberts,0.005798080566651003,0
Darnell Hillman,0.005798080566651003,0
Mark West,0.005684402147724445,0
Rony Seikaly,0.005684402147724445,0
Ervin Johnson,0.005684402147724445,0
Bismack Biyombo,0.005684402147724445,0
Tyrus Thomas,0.005463651515786924,0
John Salley,0.005463651515786924,0
Bo Outlaw,0.005463651515786924,0
Darko Milicic,0.005463651515786924,0
Gar Heard,0.005148412198131774,0
Brendan Haywood,0.004948372852580375,0
Vlade Divac,0.004774067322689179,0
Lorenzo Williams,0.0047560687923403865,0
Michael Olowokandi,0.004662724466575816,0
Joel Przybilla,0.004481471300963279,0
Darryl Dawkins,0.004481471300963279,0
Erick Dampier,0.004393492533630229,0
Duane Causwell,0.004393492533630229,0
Marvin Webster,0.004307233463642306,0
Chris Andersen,0.004307233463642306,0
JaVale McGee,0.004222660767127139,0
John Henson,0.004222660767127139,0
Zydrunas Ilgauskas,0.004171152634102356,0
Sam Lacey,0.004073813655802705,0
Herb Williams,0.004058444359585986,0
Nerlens Noel,0.004058444359585986,0
Andrew Lang,0.003823970315625218,0
Billy Paultz,0.0036029938533897582,0
Joe Barry Carroll,0.0035455833825673057,0
Elden Campbell,0.00353219987526042,0
Terry Tyler,0.0034627920693006387,0
Oliver Miller,0.0034627920693006387,0
Alton Lister,0.003394743481885215,0
Wayne Cooper,0.003328027676169638,0
Pervis Ellison,0.0031356201315859474,0
Roy Hibbert,0.0030364418541935475,0
Emeka Okafor,0.0028962183839028707,0
Raef LaFrentz,0.0028962183839028707,0
Adonal Foyle,0.0028962183839028707,0
Hot Rod Williams,0.002839272020065113,0
Jawann Oldham,0.002728707236379981,0
Harvey Catchings,0.002570859599345216,0
Greg Ostertag,0.0024707212308643237,0
Roy Hinson,0.0023277624867032503,0
Samuel Dalembert,0.0023277624867032503,0
Brook Lopez,0.002245559158704767,0
Andrei Kirilenko,0.0022013780177202093,0
Caldwell Jones,0.002193057312920334,0
Kristaps Porzingis,0.0021580642559123966,0
Sam Bowie,0.0021499069144625517,0
Hassan Whiteside,0.001990503251042985,0
Serge Ibaka,0.001660329584992097,0
Josh Smith,0.0016276439910947224,0
Benoit Benjamin,0.001503201239568044,0
Larry Nance,0.0013493797407009712,0
Marcus Camby,0.0010623859429856764,0
Tree Rollins,0.0009325813010660851,0
Myles Turner,0.000779670703064371,0
Theo Ratliff,0.000667444883462099,0
Shawn Bradley,0.00046469857241655316,0
Elmore Smith,0.00023150157167033602,0
Mark Eaton,0.0002282549588610785,0
Manute Bol,9.639443692632686e-05,0
